{"acc": 0.8913043737411499, "auroc": 0.9705882352941175, "prec1": 0.7333333492279053, "prec0": 0.9677419066429138, "minpse": 0.9166666666666666, "rec0": 0.8823529481887817, "rec1": 0.9166666865348816, "auprc": 0.9460046897546898}